sentiment,text,user
"positive","RT @raging545: VIDEO of a member of Ukraine \"elite Farmers Corps\" striking again now \"capturing\"  a Russian 2S34 Hosta Self-Propelled Howit‚Ä¶","Astral_Monk"
"negative","RT @olex_scherba: #Kyiv suburbs after weeks of #Russian rule. Dead civilians all over the street.\n\n#StandWithUkraineÔ∏è #UkraineUnderAttack #‚Ä¶","KukenAufzucht"
"neutral","#UkraineUnderAttack #PutinIsaWarCriminal #RussiaInvadedUkraine #RussianWarCrimes #UnitedNations #UNICEF‚Ä¶ https://t.co/wHltkPJG6R","ChernyshTatiana"
"negative","In Moscow, police officers brutally detained a picketer with a sign saying NO WAR.\n#protest #moscow #russia‚Ä¶ https://t.co/V14hWzs5Ok","citizenofhome"
"negative","RT @olex_scherba: #Kyiv suburbs after weeks of #Russian rule. Dead civilians all over the street.\n\n#StandWithUkraineÔ∏è #UkraineUnderAttack #‚Ä¶","MarkushaT"
"negative","RT @War_Mapper: Map of the approximate situation in Ukraine as of 00:00 UTC 02/04/22. \n\n#UkraineCrisis #UkraineUnderAttack #Breaking #Kyiv‚Ä¶","Elisonext"
"neutral","RT @ColdWar_2022: üá∫üá¶üá∑üá∫ | GUERRA UCRANIA - RUSIA\n\nüî¥ Impresionante, los rusos dejan botados sus veh√≠culos militares por cientos !!! hasta un‚Ä¶","toniatomasi"
"negative","RT @olex_scherba: #Kyiv suburbs after weeks of #Russian rule. Dead civilians all over the street.\n\n#StandWithUkraineÔ∏è #UkraineUnderAttack #‚Ä¶","FlyingS14652197"
"negative","RT @IsaacHerzog4: The future of Ukraine. A landlocked rump state devoid of it's sea access, industry, oil, gas, coal, waterways. Transnistr‚Ä¶","nkhaneSA"
"positive","üî¥#BREAKING| \n‚úíSoldiers also did it. Now many Russian soldiers are in the hospital, some of them have died. \n\n‚ÄîÍú±·¥õ·¥Ä è‚Ä¶ https://t.co/TIbDn1pfol","furkankoc___"
"neutral","üî¥#BREAKING|\nWhen Russia took over #Chernobyl last week, #Russian Commanders told the soldiers, \"Dig a trench in the‚Ä¶ https://t.co/5DHkv7yCAO","furkankoc___"
"neutral","https://t.co/T3hvR2ahYm Fighting #Russia In The #Sky: MiG-29 Pilot‚Äôs In-Depth Account Of The Air War Over #Ukraine‚Ä¶ https://t.co/EwH2TJS8a6","FlightDreamz"
"negative","RT @olex_scherba: #Kyiv suburbs after weeks of #Russian rule. Dead civilians all over the street.\n\n#StandWithUkraineÔ∏è #UkraineUnderAttack #‚Ä¶","TrueDonbass"
"neutral","RT @bettapique: As√≠, con m√∫sica, #Odessa intenta levantar la moral de quienes no se fueron y que resisten a la cotidiana agresi√≥n de Rusia,‚Ä¶","marulita27"
"neutral","#IStandWithUkraine #StopPutin #StopPutinNow #UkraineUnderAttack #UkraineWar #StopRussia \n\nThe #Belarussian Postal D‚Ä¶ https://t.co/BUd2NWZv4b","SanjivMenezes"
"negative","RT @olex_scherba: #Kyiv suburbs after weeks of #Russian rule. Dead civilians all over the street.\n\n#StandWithUkraineÔ∏è #UkraineUnderAttack #‚Ä¶","SBublyk"
"positive","RT @Allan_Straarup: @ZelenskyyUa @EmmanuelMacron President Volodymyr Zelenskyy has shown himself to be a hero and a beacon of light in a ti‚Ä¶","Cindoie"
"neutral","RT @bettapique: El concierto tambi√©n sirve para recolectar donaciones para los soldados que est√°n en el frente #Odessa #UkraineUnderAttack‚Ä¶","marulita27"
"negative","RT @olex_scherba: #Kyiv suburbs after weeks of #Russian rule. Dead civilians all over the street.\n\n#StandWithUkraineÔ∏è #UkraineUnderAttack #‚Ä¶","Acalaonfire"
"neutral","RT @Shevchenk0_Mila: –ú–∏ –≤–∂–µ –Ω—ñ–∫–æ–ª–∏ –Ω–µ –±—É–¥–µ–º–æ,—è–∫ —Ä–∞–Ω—ñ—à–µ!–ú–∏ —Å—Ç–∞–Ω–µ–º–æ —Ç–∞–∫–∏–º–∏,—â–æ –¥–æ –Ω–∞—Å –≤—Å—ñ –±—É–¥—É—Ç—å –Ω–∞ –í–∏! –ê —Ä–æ—Å—ñ–π—Å—å–∫–∏–π —Å–æ–ª–¥–∞—Ç-—Ñ–∞—à–∏—Å—Ç —ñ –æ–∫—É–ø–∞–Ω—Ç!#‚Ä¶","RafaelMarquesT8"
"neutral","RT @InvestorHumbl: This what #Russian ‚Äúliberation‚Äù looks like #Borodyanka üá∫üá¶ #WarCrimes #PutinWarCrimes #UkraineUnderAttack #UkraineInvasio‚Ä¶","Gbenga_Aina"
"negative","RT @olex_scherba: #Kyiv suburbs after weeks of #Russian rule. Dead civilians all over the street.\n\n#StandWithUkraineÔ∏è #UkraineUnderAttack #‚Ä¶","HETMOHET"
"neutral","RT @raging545: Russian armored personnel carriers retreating to Belarus were so loaded with stolen &amp; looted items from Ukraine`s children's‚Ä¶","FobTurnip"
"neutral","RT @Shevchenk0_Mila: –ú–∏ –≤–∂–µ –Ω—ñ–∫–æ–ª–∏ –Ω–µ –±—É–¥–µ–º–æ,—è–∫ —Ä–∞–Ω—ñ—à–µ!–ú–∏ —Å—Ç–∞–Ω–µ–º–æ —Ç–∞–∫–∏–º–∏,—â–æ –¥–æ –Ω–∞—Å –≤—Å—ñ –±—É–¥—É—Ç—å –Ω–∞ –í–∏! –ê —Ä–æ—Å—ñ–π—Å—å–∫–∏–π —Å–æ–ª–¥–∞—Ç-—Ñ–∞—à–∏—Å—Ç —ñ –æ–∫—É–ø–∞–Ω—Ç!#‚Ä¶","handsome151274"
"negative","RT @olex_scherba: #Kyiv suburbs after weeks of #Russian rule. Dead civilians all over the street.\n\n#StandWithUkraineÔ∏è #UkraineUnderAttack #‚Ä¶","Owithdotsonit"
"positive","VIDEO of a member of Ukraine \"elite Farmers Corps\" striking again now \"capturing\"  a Russian 2S34 Hosta Self-Propel‚Ä¶ https://t.co/mqutrWcHdK","raging545"
"neutral","RT @TarasBerezovets: –í –ë—É—á–µ –ø–æ–¥ –ö–∏–µ–≤–æ–º –æ–∫–∫—É–ø–∞–Ω—Ç—ã —Ä–∞—Å—Å—Ç—Ä–µ–ª–∏–≤–∞–ª–∏ –º–µ—Å—Ç–Ω—ã—Ö –∂–∏—Ç–µ–ª–µ–π, –∑–∞–≤—è–∑–∞–≤ –∏–º —Ä—É–∫–∏ –∑–∞ —Å–ø–∏–Ω–æ–π. –ù–∞ –Ω–µ–∫–æ—Ç–æ—Ä—ã—Ö —Ç–µ–ª–∞—Ö —Å–ª–µ–¥—ã –ø—ã—Ç–æ–∫.‚Ä¶","yuriy2977"
"neutral","Kyiv - Zhitomir road. The area abandoned by russian army these days.\n\n#Ukraine #UkraineRussiaWar‚Ä¶ https://t.co/s8yMBtrjJB","WarUkraineNews"
"positive","RT @JENND0DD: Matt Sua from New Zealand, Dylan Morris from Indiana and David Joshua from Wheat, Texas. All joined the foreign legion. #Ukra‚Ä¶","CANEMNNJ"
"neutral","‚ö°Ô∏è Flooding in Oskil village of Izyum district after destruction of a dam.\n#UkraineUnderAttack #StopPutin","ukrainewar24"
"positive","Everyone feel free to open your own #Anonymous ACC on Twitter to upload none propaganda news\n\n#Ukraine #free #UkraineUnderAttack","SpedoxAnomymous"
"positive","RT @UWTracker: Ukrainian tractor in action.Tractor tows Russian 2S34 Hosta self-propelled howitzer 120mm.2S34 Hosta is a modernized version‚Ä¶","JayTrader9"
"negative","The future of Ukraine. A landlocked rump state devoid of it's sea access, industry, oil, gas, coal, waterways. Tran‚Ä¶ https://t.co/17Uq1jEM5h","IsaacHerzog4"
"neutral","Prayers #Ukraine #UkraineUnderAttack #WeStandwithUkriane https://t.co/MjGOO0L0Wy","DonnaJo1002"
"neutral","RT @raging545: Russian armored personnel carriers retreating to Belarus were so loaded with stolen &amp; looted items from Ukraine`s children's‚Ä¶","siskudd"
"negative","RT @olex_scherba: #Kyiv suburbs after weeks of #Russian rule. Dead civilians all over the street.\n\n#StandWithUkraineÔ∏è #UkraineUnderAttack #‚Ä¶","victoria_scherr"
"neutral","#IStandWithUkraine #StopPutin #StopPutinNow #UkraineUnderAttack #UkraineWar #StopRussia \n#Russian Liberation for yo‚Ä¶ https://t.co/wkWLQpM3t2","SanjivMenezes"
"neutral","‚ö†Ô∏èüì¢  Turkey has offered to help evacuate civilians from the city of Mariupol by sea: \"We can provide naval support‚Ä¶ https://t.co/5MqnEUtxKe","InsiderGeo"
"positive","An appropriate moment at #ACC22 opening ceremony to recognize the hardships of #UkraineUnderAttack as we come toget‚Ä¶ https://t.co/COeEZokFQL","fischman_david"
"neutral","RT @Vic_Resist: @AgapeLove28 #UkraineUnderAttack","sheryl_toth"
"negative","RT @olex_scherba: #Kyiv suburbs after weeks of #Russian rule. Dead civilians all over the street.\n\n#StandWithUkraineÔ∏è #UkraineUnderAttack #‚Ä¶","FlipMo71426815"
"neutral","RT @Vic_Resist: @AgapeLove28 #UkraineUnderAttack","jerrieskid"
"neutral","Video of the battlefield between Russia üá∑üá∫ and Ukraine üá∫üá¶ is coming.\n\nPlease :- #StopTheWar \n\nRemember :- To give e‚Ä¶ https://t.co/XaDwfi4q2k","SatisfiedMr"
"neutral","Russian armored personnel carriers retreating to Belarus were so loaded with stolen &amp; looted items from Ukraine`s c‚Ä¶ https://t.co/87ua8fVCtS","raging545"
"neutral","RT @ColdWar_2022: üá∫üá¶üá∑üá∫ | GUERRA UCRANIA - RUSIA\n\nüî¥ Impresionante, los rusos dejan botados sus veh√≠culos militares por cientos !!! hasta un‚Ä¶","zeusj"
"neutral","RT @raguileramx: I'm calling it: if the Russians don't achieve a breakthrough in today's fighting, they've lost it. #UkraineUnderAttack #Uk‚Ä¶","BaygonNegro"
"neutral","Le nombre de victimes d'une frappe de missile sur le b√¢timent de l'administration r√©gionale de #Mykolaiv par les oc‚Ä¶ https://t.co/E60uFZeA1I","ambi_fr"
"neutral","RT @ArgentinaCred: Le damos a los Rusos üá∑üá∫ su misma medicina. 2 Helic√≥pteros de Combate #Ukraine üá∫üá¶ atacan instalaciones petroleras en #Bel‚Ä¶","DazSahily"
"positive","RT @ArmedMaidan: #Russian forces creating ‚Äúcomplete disaster‚Äù by leaving mines on homes, corpses as withdraw around #Kyiv: #Zelensky\n\nhttps‚Ä¶","vassellia_bond"
"positive","Matt Sua from New Zealand, Dylan Morris from Indiana and David Joshua from Wheat, Texas. All joined the foreign leg‚Ä¶ https://t.co/gAZx0LTzUl","JENND0DD"
"negative","RT @olex_scherba: #Kyiv suburbs after weeks of #Russian rule. Dead civilians all over the street.\n\n#StandWithUkraineÔ∏è #UkraineUnderAttack #‚Ä¶","thedoctord0nna"
"neutral","RT @TarasBerezovets: –í –ë—É—á–µ –ø–æ–¥ –ö–∏–µ–≤–æ–º –æ–∫–∫—É–ø–∞–Ω—Ç—ã —Ä–∞—Å—Å—Ç—Ä–µ–ª–∏–≤–∞–ª–∏ –º–µ—Å—Ç–Ω—ã—Ö –∂–∏—Ç–µ–ª–µ–π, –∑–∞–≤—è–∑–∞–≤ –∏–º —Ä—É–∫–∏ –∑–∞ —Å–ø–∏–Ω–æ–π. –ù–∞ –Ω–µ–∫–æ—Ç–æ—Ä—ã—Ö —Ç–µ–ª–∞—Ö —Å–ª–µ–¥—ã –ø—ã—Ç–æ–∫.‚Ä¶","AnfFor1"
"negative","RT @olex_scherba: #Kyiv suburbs after weeks of #Russian rule. Dead civilians all over the street.\n\n#StandWithUkraineÔ∏è #UkraineUnderAttack #‚Ä¶","PRomanczuk"
"neutral","RT @bettapique: As√≠, con m√∫sica, #Odessa intenta levantar la moral de quienes no se fueron y que resisten a la cotidiana agresi√≥n de Rusia,‚Ä¶","Maria25Maria25"
"neutral","RT @ArgentinaCred: Aviones Rusos bombardean #Mariupol de manera indiscriminada @ZelenskyyUa #Ukrania #PutinAsesino @Ukraine #UkraineRussiaW‚Ä¶","DazSahily"
"neutral","@bweglarczyk chciwo≈õƒá zwyciƒô≈ºy≈Ça ... #LeroyMerlin #StopRussianAggression #RussianWarCrimes #StopRussia #StopPutin‚Ä¶ https://t.co/lr62ZiGlFl","mic77ish"
"positive","Russia has already earned a place in this ranking. I've never seen so many mistakes at once: tactics, logistics, mo‚Ä¶ https://t.co/HSlYwnnqKc","onemore43672214"
"positive","Putin who started a war is now having a fit just because a Ukrainian helicopters destroyed a fuel depot in Russia,‚Ä¶ https://t.co/btUTUl6ayS","LinskiZai"
"neutral","RT @ElOsorio_: √öLTIMA HORA | EE.UU. anuncia 300 millones de d√≥lares adicionales en ayuda militar a Ucrania. \n#Ukraine\n#UkraineUnderAttack‚Ä¶","DazSahily"
"negative","RT @olex_scherba: #Kyiv suburbs after weeks of #Russian rule. Dead civilians all over the street.\n\n#StandWithUkraineÔ∏è #UkraineUnderAttack #‚Ä¶","D_R_U_G_13"
"positive","- Mascha, welche Gr√∂√üe hat Dimka? 18? Nun, habe ich sie! Die blauen. Ja, fast neu! Die scheinen polnisch zu sein...‚Ä¶ https://t.co/5XiryKiJAG","Icextend"
"neutral","RT @TarasBerezovets: –í –ë—É—á–µ –ø–æ–¥ –ö–∏–µ–≤–æ–º –æ–∫–∫—É–ø–∞–Ω—Ç—ã —Ä–∞—Å—Å—Ç—Ä–µ–ª–∏–≤–∞–ª–∏ –º–µ—Å—Ç–Ω—ã—Ö –∂–∏—Ç–µ–ª–µ–π, –∑–∞–≤—è–∑–∞–≤ –∏–º —Ä—É–∫–∏ –∑–∞ —Å–ø–∏–Ω–æ–π. –ù–∞ –Ω–µ–∫–æ—Ç–æ—Ä—ã—Ö —Ç–µ–ª–∞—Ö —Å–ª–µ–¥—ã –ø—ã—Ç–æ–∫.‚Ä¶","sergey_slv"
"positive","RT @ZhouFengSuo: Why is @TGTM_Official blocked? @Twitter @TwitterSupport \nUnblock it now!\nThis is the best new account of China tweets afte‚Ä¶","hz_udhr"
"neutral","RT @TarasBerezovets: –í –ë—É—á–µ –ø–æ–¥ –ö–∏–µ–≤–æ–º –æ–∫–∫—É–ø–∞–Ω—Ç—ã —Ä–∞—Å—Å—Ç—Ä–µ–ª–∏–≤–∞–ª–∏ –º–µ—Å—Ç–Ω—ã—Ö –∂–∏—Ç–µ–ª–µ–π, –∑–∞–≤—è–∑–∞–≤ –∏–º —Ä—É–∫–∏ –∑–∞ —Å–ø–∏–Ω–æ–π. –ù–∞ –Ω–µ–∫–æ—Ç–æ—Ä—ã—Ö —Ç–µ–ª–∞—Ö —Å–ª–µ–¥—ã –ø—ã—Ç–æ–∫.‚Ä¶","y_hvkn5"
"negative","RT @agropelli: The story of #telecom engineers trying to keep the #internet and #communications going. Some have gone missing, others were‚Ä¶","LvP"
"neutral","RT @bettapique: As√≠, con m√∫sica, #Odessa intenta levantar la moral de quienes no se fueron y que resisten a la cotidiana agresi√≥n de Rusia,‚Ä¶","lofugaz3"
"neutral","RT @mi6rogue: #WarCrimes \nKadyrovites a paramilitary organization from Chechnya, #Russia has started to cut off the heads of the #Ukraine s‚Ä¶","necespanya"
"negative","RT @olex_scherba: #Kyiv suburbs after weeks of #Russian rule. Dead civilians all over the street.\n\n#StandWithUkraineÔ∏è #UkraineUnderAttack #‚Ä¶","SteinVhc"
"neutral","RT @bettapique: As√≠, con m√∫sica, #Odessa intenta levantar la moral de quienes no se fueron y que resisten a la cotidiana agresi√≥n de Rusia,‚Ä¶","ClaudLi"
"positive","#Russian forces creating ‚Äúcomplete disaster‚Äù by leaving mines on homes, corpses as withdraw around #Kyiv: #Zelensky‚Ä¶ https://t.co/vAVWg1MQRK","ArmedMaidan"
"negative","RT @olex_scherba: #Kyiv suburbs after weeks of #Russian rule. Dead civilians all over the street.\n\n#StandWithUkraineÔ∏è #UkraineUnderAttack #‚Ä¶","artesianspring"
"neutral","Les rashistes #russes. Tous concern√©s, tous complices. #GuerreEnUkraine #UkraineUnderAttack #StandWithUkraine‚Ä¶ https://t.co/qJ4D3cogFA","ambi_fr"
"neutral","El ej√©rcito ucraniano contin√∫a encontrando restos de equipos rusos destruidos y abandonados cerca de Kiev. #Rusia‚Ä¶ https://t.co/myqirhbIGl","ArmysMonkey"
"negative","RT @olex_scherba: #Kyiv suburbs after weeks of #Russian rule. Dead civilians all over the street.\n\n#StandWithUkraineÔ∏è #UkraineUnderAttack #‚Ä¶","MargaretKruger4"
"neutral","RT @Shevchenk0_Mila: –ú–∏ –≤–∂–µ –Ω—ñ–∫–æ–ª–∏ –Ω–µ –±—É–¥–µ–º–æ,—è–∫ —Ä–∞–Ω—ñ—à–µ!–ú–∏ —Å—Ç–∞–Ω–µ–º–æ —Ç–∞–∫–∏–º–∏,—â–æ –¥–æ –Ω–∞—Å –≤—Å—ñ –±—É–¥—É—Ç—å –Ω–∞ –í–∏! –ê —Ä–æ—Å—ñ–π—Å—å–∫–∏–π —Å–æ–ª–¥–∞—Ç-—Ñ–∞—à–∏—Å—Ç —ñ –æ–∫—É–ø–∞–Ω—Ç!#‚Ä¶","wahyudedikda"
"negative","RT @ukrainewar24: ‚ö°Ô∏è 2 killed in Kryvyi Rih district as result of explosion of bomblet left after shelling with cluster ammunition.\n#Ukrain‚Ä¶","rickaking"
"negative","RT @olex_scherba: #Kyiv suburbs after weeks of #Russian rule. Dead civilians all over the street.\n\n#StandWithUkraineÔ∏è #UkraineUnderAttack #‚Ä¶","hafenkalle"
"neutral","RT @MaximDShrayer: A Farewell to Russian vodka. https://t.co/EyY4EzqIeN.   #UkraineUnderAttack  #Russian #vodka #RussiaUkraineWar #Stoli @J‚Ä¶","DrMonicaOsborne"
"positive","RT @kim6art: Fresh NFT listing\nAll profit from the sale will go to a fund to support Ukrainians in defense against russian aggression!üíõüíô\n#N‚Ä¶","metagirlzclub"
"neutral","RT @PerezSilvina: ‚Äú[..] Ancora una volta qualche potente, tristemente rinchiuso nelle anacronistiche pretese di interessi nazionalisti, pro‚Ä¶","weronikaberlik1"
"neutral","RT @bettapique: As√≠, con m√∫sica, #Odessa intenta levantar la moral de quienes no se fueron y que resisten a la cotidiana agresi√≥n de Rusia,‚Ä¶","e_guata"
"neutral","RT @DutchFarmerInUA: All Efforts To Ukraine!\n\n#Ukrania #Ukraine #UkraineUnderAttack #UkraineWar  #UkraineRussia #UkraineRussiaWar #WARINUKR‚Ä¶","WimVerschuur"
"neutral","#Russian forces open fire with automatic weapons, mortars at #Ukrainian anti-invasion protesters in occupied‚Ä¶ https://t.co/27EaS39Dwh","ArmedMaidan"
"positive","All the main tasks of the #Russian Armed Forces in the #Kiev and #Chernihiv directions have been accomplished, the‚Ä¶ https://t.co/J3dqvGoXv5","KatyaMK26"
"neutral","RT @GlobalWideViews: Russia on motion on changing the payment system for exports   in Rubles, watch China, Mexico, South Africa, Argentina‚Ä¶","9ELPADRINO9"
"negative","RT @War_Mapper: Map of the approximate situation in Ukraine as of 00:00 UTC 02/04/22. \n\n#UkraineCrisis #UkraineUnderAttack #Breaking #Kyiv‚Ä¶","AngryArgie"
"positive","RT @KariWells_: Make what could be the most important call of your life ‚ù§Ô∏è#endthewar #UkraineUnderAttack #russianews","callrussia"
"neutral","RT @MardipAvrupa: How T√ºrkiye emerged as a reliable mediator in the Ukraine-Russia conflict\n\nhttps://t.co/OwLUwxR8ZM\n\n@MardinDiplomasi\n@trt‚Ä¶","KerimAKD4"
"negative","RT @mondaymissile: The people cold calling to chip away at Russia's digital iron curtain\n#UkraineUnderAttack üá∫üá¶\nhttps://t.co/3YgLieUDTF","Gbenga_Aina"
"negative","RT @olex_scherba: #Kyiv suburbs after weeks of #Russian rule. Dead civilians all over the street.\n\n#StandWithUkraineÔ∏è #UkraineUnderAttack #‚Ä¶","melend96023775"
"negative","RT @olex_scherba: #Kyiv suburbs after weeks of #Russian rule. Dead civilians all over the street.\n\n#StandWithUkraineÔ∏è #UkraineUnderAttack #‚Ä¶","SquaLLpt"
"negative","RT @olex_scherba: #Kyiv suburbs after weeks of #Russian rule. Dead civilians all over the street.\n\n#StandWithUkraineÔ∏è #UkraineUnderAttack #‚Ä¶","Dean_Bain"
"neutral","RT @bettapique: El concierto tambi√©n sirve para recolectar donaciones para los soldados que est√°n en el frente #Odessa #UkraineUnderAttack‚Ä¶","ClaudLi"
"positive","RT @ZhouFengSuo: Why is @TGTM_Official blocked? @Twitter @TwitterSupport \nUnblock it now!\nThis is the best new account of China tweets afte‚Ä¶","MillerKAP"
"neutral","Ukraine's economy could contract 40% in 2022 : Economy Ministry\n#Ukraine #UkraineRussiaWar #UkraineWar #war‚Ä¶ https://t.co/yFZ8GXBvdG","MovieXen"
"neutral","German mainstream newspaper now not only admits that there are Nazis in Ukraine but also reports about them as the‚Ä¶ https://t.co/a3bEvCbN6r","jann_bm"
"negative","RT @olex_scherba: #Kyiv suburbs after weeks of #Russian rule. Dead civilians all over the street.\n\n#StandWithUkraineÔ∏è #UkraineUnderAttack #‚Ä¶","DebbieInman19"
"negative","RT @olex_scherba: #Kyiv suburbs after weeks of #Russian rule. Dead civilians all over the street.\n\n#StandWithUkraineÔ∏è #UkraineUnderAttack #‚Ä¶","TabithaStevens8"
"neutral","Video of the battlefield between Russia üá∑üá∫ and Ukraine üá∫üá¶ is coming.\n\nPlease #StopTheWar \n\n#Ukraine‚Ä¶ https://t.co/VblSRrVCTw","SatisfiedMr"
"neutral","@SputnikATO –†—É—Å—å–∫–∞ —Å–≤—ñ–Ω–æ—Å–æ–±–∞–∫–∞ –Ω–µ –º–æ–∂–µ –±—É—Ç–∏ —Å–≤—ñ—Ç–ª–æ–π, –¥–æ–±—Ä–æ–π –ª—é–¥–∏–Ω–æ—é #UkraineUnderAttack","rabik77"